policy,high_param,low_param,high_median_ms,high_bw_gbps,high_latency_s,high_throughput,low_median_ms,low_bw_gbps,low_latency_s,low_throughput,round
single_1x,,,413.731,488.135,2.46960186958313,0.40492356776875965,,,,,1
single_2x,,,14553.1,27.7538,49.22026062011719,0.02031683675383227,,,,,1
no_policy,50,50,15435.1,13.0842,53.947341203689575,0.018536594717880328,15572.6,12.9687,53.92711305618286,0.018543547824601152,1
eviction_freq_pid_decay,1,1,15532.7,13.002,54.018787145614624,0.01851207797954387,15611.8,12.9361,53.98853325843811,0.01852245170679286,1
eviction_freq_pid_decay,1,10,15636.2,12.916,54.31877851486206,0.018409839605034416,15617.3,12.9316,54.24779272079468,0.018433929748014843,1
prefetch_pid_tree,0,0,11115.2,18.1694,38.74195957183838,0.02581180743182909,11117.3,18.1659,38.691389083862305,0.02584554402615355,1
prefetch_pid_tree,0,20,13511.5,14.947,42.78873896598816,0.023370634988679577,12527.6,16.1209,42.67709493637085,0.023431772980118348,1
prefetch_pid_tree,20,80,14610.3,13.8229,22.511011838912964,0.044422703304317086,412.125,490.037,23.995417594909668,0.0416746237503338,1
prefetch_eviction_pid,20,80,13475.4,14.987,22.391013622283936,0.04466077404395762,412.15,490.007,23.892356872558594,0.041854389055629056,1
