policy,high_param,low_param,high_median_ms,high_bw_gbps,high_latency_s,high_throughput,low_median_ms,low_bw_gbps,low_latency_s,low_throughput,round
single_1x,,,413.85,487.993,2.4991695880889893,0.4001329100537984,,,,,1
no_policy,,,15516.5,13.0156,53.83119463920593,0.018576589405126957,15470.3,13.0544,53.85949206352234,0.018566829386741923,1
sched_timeslice,1000000,200,15532.4,13.0023,53.78015661239624,0.01859421881582066,15495.6,13.0331,53.806888580322266,0.018584980964049095,1
