policy,high_param,low_param,high_median_ms,high_bw_gbps,high_latency_s,high_throughput,low_median_ms,low_bw_gbps,low_latency_s,low_throughput,round
single_1x,,,1476.69,136.791,11.520217657089233,0.08680391549586972,,,,,1
single_2x,,,37036.7,9.73926,120.17178320884705,0.008321420996658557,,,,,1
no_policy,50,50,43532.9,4.64011,135.62054538726807,0.007373514072992949,43555.4,4.63772,135.55975103378296,0.007376820865883629,1
prefetch_pid_tree,20,0,4699.83,42.9798,84.20597076416016,0.011875642438714348,26917.5,7.50433,82.53334331512451,0.012116315174363556,1
prefetch_pid_tree,220,80,43475.3,4.64626,135.55723190307617,0.007376957953191336,43504.1,4.64319,135.48650479316711,0.007380808896993793,1
prefetch_eviction_pid,20,80,6511.16,31.0233,23.754268407821655,0.04209769725725278,1478.99,136.578,29.439043521881104,0.033968494909039144,1
