policy,high_param,low_param,high_median_ms,high_bw_gbps,high_latency_s,high_throughput,low_median_ms,low_bw_gbps,low_latency_s,low_throughput,round
single_1x,,,361.922,574.185,3.952847480773926,0.2529821868574121,,,,,1
single_2x,,,26463.1,15.7057,84.48168110847473,0.011836885664195022,,,,,1
no_policy,50,50,27355.4,7.59668,85.59700393676758,0.011682651892100363,27487.8,7.56009,85.54647493362427,0.01168955238396325,1
prefetch_pid_tree,20,0,5049.6,41.1538,12.316705226898193,0.08119054419002585,3164.26,65.6741,12.205367088317871,0.08193116952272009,1
prefetch_pid_tree,220,80,27554.9,7.54168,85.67151546478271,0.01167249107915073,27443.9,7.57217,85.74227237701416,0.011662858614277648,1
prefetch_eviction_pid,20,80,790.386,262.923,5.388435125350952,0.18558263702485783,362.044,573.991,6.734602689743042,0.14848685899808514,1
