{
  "dataset": "random",
  "propagation": "chunked",
  "epochs": 2,
  "warmup": 1,
  "hidden_dim": 256,
  "chunk_size": 2000000,
  "num_nodes": 10000000,
  "num_features": 128,
  "num_classes": 10,
  "num_edges": 210000000,
  "avg_epoch_time_s": 12.759949326515198,
  "median_epoch_time_s": 12.871512651443481,
  "total_time_s": 25.519898653030396,
  "epoch_times_s": [
    12.648386001586914,
    12.871512651443481
  ],
  "accuracy": {
    "train": 0.100651
  },
  "memory": {
    "gpu_allocated_GB": 11.02865744,
    "cpu_used_GB": 1.611829248,
    "total_GB": 12.640486688
  },
  "use_uvm": true,
  "seed": 2025,
  "gpu_name": "NVIDIA GeForce RTX 5090",
  "gpu_memory_GB": 33.669316608,
  "timestamp": "2025-12-08T14:47:24.620563",
  "uvm_stats": {
    "peak_allocated_GB": 45.10872088,
    "num_allocs": 3857,
    "num_frees": 3186
  }
}