{
  "dataset": "random",
  "propagation": "chunked",
  "epochs": 2,
  "warmup": 1,
  "hidden_dim": 256,
  "chunk_size": 2000000,
  "num_nodes": 10000000,
  "num_features": 128,
  "num_classes": 10,
  "num_edges": 210000000,
  "avg_epoch_time_s": 26.473347902297974,
  "median_epoch_time_s": 26.504221439361572,
  "total_time_s": 52.94669580459595,
  "epoch_times_s": [
    26.504221439361572,
    26.442474365234375
  ],
  "accuracy": {
    "train": 0.100651
  },
  "memory": {
    "gpu_allocated_GB": 11.02865744,
    "cpu_used_GB": 1.610883072,
    "total_GB": 12.639540512
  },
  "use_uvm": true,
  "seed": 2025,
  "gpu_name": "NVIDIA GeForce RTX 5090",
  "gpu_memory_GB": 33.669316608,
  "timestamp": "2025-12-08T13:53:18.647359",
  "uvm_stats": {
    "peak_allocated_GB": 45.10872088,
    "num_allocs": 3857,
    "num_frees": 3186
  }
}