policy,high_param,low_param,high_median_ms,high_bw_gbps,high_latency_s,high_throughput,low_median_ms,low_bw_gbps,low_latency_s,low_throughput,round
single_1x,,,412.128,490.032,2.539299249649048,0.3938094338972487,,,,,1
single_2x,,,14479.2,27.8953,49.153334856033325,0.020344499573201492,,,,,1
no_policy,50,50,15467.6,13.0567,54.0140655040741,0.018513696213527445,15480.5,13.0459,53.96334958076477,0.01853109578573028,1
prefetch_pid_tree,20,0,4443.82,45.4465,34.365378856658936,0.029099053561175314,11550.0,17.4854,33.95816683769226,0.0294479971424735,1
prefetch_pid_tree,220,80,15440.4,13.0797,53.824952363967896,0.018578743799677402,15469.1,13.0554,53.90599179267883,0.018550813494833306,1
prefetch_eviction_pid,20,80,12819.4,15.754,24.967369556427002,0.04005227694250971,412.199,489.948,26.469528675079346,0.03777929000078814,1
