policy,high_param,low_param,high_median_ms,high_bw_gbps,high_latency_s,high_throughput,low_median_ms,low_bw_gbps,low_latency_s,low_throughput,round
single_1x,,,1480.54,136.435,11.51070523262024,0.08687565008320215,,,,,1
single_2x,,,37238.8,9.68642,120.5143837928772,0.008297764702665337,,,,,1
no_policy,50,50,43626.2,4.63019,135.79012441635132,0.007364305793946116,43635.4,4.62921,135.7397849559784,0.007367036866341794,1
eviction_freq_pid_decay,1,1,43976.2,4.59334,136.20517539978027,0.0073418649259462225,43959.7,4.59507,136.174551486969,0.007343516017349934,1
eviction_freq_pid_decay,1,10,43790.4,4.61283,136.32487869262695,0.0073354182273267215,43762.2,4.6158,136.35516381263733,0.00733378899660946,1
prefetch_pid_tree,0,0,26718.3,7.56028,85.47217273712158,0.011699714280992977,26740.0,7.55414,85.50242805480957,0.011695574298299115,1
prefetch_pid_tree,0,20,27373.3,7.37936,83.5085723400116,0.011974818536334484,4270.11,47.305,85.17046928405762,0.011741158742061575,1
prefetch_pid_tree,20,80,6549.7,30.8408,23.9730863571167,0.04171344419752353,1479.72,136.511,29.61594820022583,0.03376559120239057,1
prefetch_eviction_pid,20,80,6560.85,30.7884,24.012399911880493,0.041645150158657614,1479.44,136.536,29.690080165863037,0.033681283257354644,1
