policy,high_param,low_param,high_median_ms,high_bw_gbps,high_latency_s,high_throughput,low_median_ms,low_bw_gbps,low_latency_s,low_throughput,round
single_1x,,,1482.16,136.286,11.519604921340942,0.08680853265613511,,,,,1
no_policy,,,43522.9,4.64118,135.5802037715912,0.007375708047206337,43527.4,4.6407,135.58025288581848,0.007375705375340827,1
sched_timeslice,1000000,200,43583.9,4.63469,136.48326230049133,0.0073269057549220085,43479.4,4.64582,136.5449821949005,0.007323593909680458,1
