policy,high_param,low_param,high_median_ms,high_bw_gbps,high_latency_s,high_throughput,low_median_ms,low_bw_gbps,low_latency_s,low_throughput,round
single_1x,,,361.727,574.495,3.9005630016326904,0.2563732465240074,,,,,1
single_2x,,,26679.4,15.5783,84.67596244812012,0.011809727000300555,,,,,1
no_policy,50,50,27339.5,7.60109,85.48987030982971,0.011697292280077527,27522.0,7.5507,85.45954942703247,0.011701442456747625,1
eviction_freq_pid_decay,1,1,27601.9,7.52884,85.93781614303589,0.011636320829186402,27626.8,7.52207,85.90733909606934,0.011640449006128682,1
eviction_freq_pid_decay,1,10,27911.3,7.44539,86.1121871471405,0.011612758113915897,27830.3,7.46705,86.13239693641663,0.011610033339002571,1
prefetch_pid_tree,0,0,23166.4,8.97032,72.04063153266907,0.01388105543670198,23030.0,9.02348,72.0607898235321,0.013877172349191223,1
prefetch_pid_tree,0,20,7958.75,26.1109,17.04487180709839,0.05866867239116148,5074.21,40.9542,17.36100435256958,0.057600354201396836,1
prefetch_pid_tree,20,80,794.568,261.539,5.476607084274292,0.18259480452257248,362.778,572.831,6.707535266876221,0.1490860592173542,1
prefetch_eviction_pid,20,80,792.582,262.194,5.3000428676605225,0.1886777192127518,362.927,572.595,6.5975494384765625,0.15157142956262706,1
