policy,high_param,low_param,high_median_ms,high_bw_gbps,high_latency_s,high_throughput,low_median_ms,low_bw_gbps,low_latency_s,low_throughput,round
single_1x,,,362.906,572.628,3.8789901733398438,0.2577990547315544,,,,,1
no_policy,,,27589.1,7.53233,85.6923508644104,0.011669653007679573,27605.9,7.52774,85.72074389457703,0.011665787702797376,1
sched_timeslice,1000000,200,27546.8,7.54391,85.70949101448059,0.011667319315092541,27578.9,7.53512,85.70951557159424,0.011667315972223497,1
