{
  "dataset": "random",
  "propagation": "chunked",
  "epochs": 5,
  "warmup": 1,
  "hidden_dim": 256,
  "chunk_size": 2000000,
  "num_nodes": 10000000,
  "num_features": 128,
  "num_classes": 10,
  "num_edges": 210000000,
  "avg_epoch_time_s": 140.24966969490052,
  "median_epoch_time_s": 140.24165654182434,
  "total_time_s": 701.2483484745026,
  "epoch_times_s": [
    140.44501447677612,
    140.4705924987793,
    140.0021357536316,
    140.0889492034912,
    140.24165654182434
  ],
  "accuracy": {
    "train": 0.100866
  },
  "memory": {
    "gpu_allocated_GB": 11.02865744,
    "cpu_used_GB": 1.6256,
    "total_GB": 12.65425744
  },
  "use_uvm": true,
  "seed": 2025,
  "gpu_name": "NVIDIA GeForce RTX 5090",
  "gpu_memory_GB": 33.669316608,
  "timestamp": "2026-03-04T15:17:39.542597",
  "uvm_stats": {
    "peak_allocated_GB": 45.10872088,
    "num_allocs": 7226,
    "num_frees": 5913
  }
}