{
  "dataset": "random",
  "propagation": "chunked",
  "epochs": 5,
  "warmup": 1,
  "hidden_dim": 256,
  "chunk_size": 2000000,
  "num_nodes": 10000000,
  "num_features": 128,
  "num_classes": 10,
  "num_edges": 210000000,
  "avg_epoch_time_s": 139.59825839996338,
  "median_epoch_time_s": 139.3723931312561,
  "total_time_s": 697.9912919998169,
  "epoch_times_s": [
    139.23042106628418,
    139.58463048934937,
    140.70232558250427,
    139.10152173042297,
    139.3723931312561
  ],
  "accuracy": {
    "train": 0.100861
  },
  "memory": {
    "gpu_allocated_GB": 11.02865744,
    "cpu_used_GB": 1.652916224,
    "total_GB": 12.681573664
  },
  "use_uvm": true,
  "seed": 2025,
  "gpu_name": "NVIDIA GeForce RTX 5090",
  "gpu_memory_GB": 33.669316608,
  "timestamp": "2026-03-04T15:51:21.096103",
  "uvm_stats": {
    "peak_allocated_GB": 45.10872088,
    "num_allocs": 7226,
    "num_frees": 5913
  }
}