{
  "dataset": "random",
  "propagation": "chunked",
  "epochs": 3,
  "warmup": 1,
  "hidden_dim": 256,
  "chunk_size": 2000000,
  "num_nodes": 10000000,
  "num_features": 128,
  "num_classes": 10,
  "num_edges": 210000000,
  "avg_epoch_time_s": 21.12000783284505,
  "median_epoch_time_s": 21.11603546142578,
  "total_time_s": 63.360023498535156,
  "epoch_times_s": [
    21.138757705688477,
    21.11603546142578,
    21.1052303314209
  ],
  "accuracy": {
    "train": 0.100572
  },
  "memory": {
    "gpu_allocated_GB": 11.02865744,
    "cpu_used_GB": 1.60385024,
    "total_GB": 12.63250768
  },
  "use_uvm": true,
  "seed": 2025,
  "gpu_name": "NVIDIA GeForce RTX 5090",
  "gpu_memory_GB": 33.669316608,
  "timestamp": "2026-03-06T00:05:42.217554",
  "uvm_stats": {
    "peak_allocated_GB": 45.10872088,
    "num_allocs": 4980,
    "num_frees": 4095
  }
}