{
  "dataset": "random",
  "propagation": "chunked",
  "epochs": 5,
  "warmup": 1,
  "hidden_dim": 256,
  "chunk_size": 2000000,
  "num_nodes": 5000000,
  "num_features": 128,
  "num_classes": 10,
  "num_edges": 105000000,
  "avg_epoch_time_s": 34.4031120300293,
  "median_epoch_time_s": 34.40323185920715,
  "total_time_s": 172.01556015014648,
  "epoch_times_s": [
    34.37203621864319,
    34.40323185920715,
    34.44142150878906,
    34.368298053741455,
    34.430572509765625
  ],
  "accuracy": {
    "train": 0.102974
  },
  "memory": {
    "gpu_allocated_GB": 5.52365744,
    "cpu_used_GB": 1.633816576,
    "total_GB": 7.157474016
  },
  "use_uvm": true,
  "seed": 2025,
  "gpu_name": "NVIDIA GeForce RTX 5090",
  "gpu_memory_GB": 33.669316608,
  "timestamp": "2026-02-28T00:18:34.218710",
  "uvm_stats": {
    "peak_allocated_GB": 22.56368856,
    "num_allocs": 3850,
    "num_frees": 3161
  }
}