{
  "dataset": "random",
  "propagation": "chunked",
  "epochs": 25,
  "warmup": 1,
  "hidden_dim": 256,
  "chunk_size": 2000000,
  "num_nodes": 8000000,
  "num_features": 128,
  "num_classes": 10,
  "num_edges": 168000000,
  "avg_epoch_time_s": 23.230021028518678,
  "median_epoch_time_s": 21.65661120414734,
  "total_time_s": 580.7505257129669,
  "epoch_times_s": [
    28.486542463302612,
    29.322265148162842,
    30.223074913024902,
    20.699098110198975,
    13.718969345092773,
    14.492781162261963,
    15.024235486984253,
    19.119325160980225,
    22.055914163589478,
    17.799097299575806,
    33.534765005111694,
    20.24191188812256,
    34.025086641311646,
    9.546199560165405,
    21.65661120414734,
    34.02045512199402,
    25.21284055709839,
    9.521583080291748,
    14.240272998809814,
    36.822646617889404,
    36.27928328514099,
    35.293100118637085,
    36.35805606842041,
    13.677380323410034,
    9.379029989242554
  ],
  "accuracy": {
    "train": 0.100615
  },
  "memory": {
    "gpu_allocated_GB": 8.82665744,
    "cpu_used_GB": 1.617068032,
    "total_GB": 10.443725472
  },
  "use_uvm": true,
  "seed": 2025,
  "gpu_name": "NVIDIA GeForce RTX 5090",
  "gpu_memory_GB": 33.669316608,
  "timestamp": "2025-12-08T16:59:56.977531",
  "uvm_stats": {
    "peak_allocated_GB": 36.09068856,
    "num_allocs": 23934,
    "num_frees": 19433
  }
}