{
  "dataset": "random",
  "propagation": "chunked",
  "epochs": 1,
  "warmup": 0,
  "hidden_dim": 256,
  "chunk_size": 2000000,
  "num_nodes": 7000000,
  "num_features": 128,
  "num_classes": 10,
  "num_edges": 147000000,
  "avg_epoch_time_s": 3.18603777885437,
  "median_epoch_time_s": 3.18603777885437,
  "total_time_s": 3.18603777885437,
  "epoch_times_s": [
    3.18603777885437
  ],
  "accuracy": {
    "train": 0.10003714285714285
  },
  "memory": {
    "gpu_allocated_GB": 7.72565744,
    "cpu_used_GB": 1.617027072,
    "total_GB": 9.342684512
  },
  "use_uvm": false,
  "seed": 2025,
  "gpu_name": "NVIDIA GeForce RTX 5090",
  "gpu_memory_GB": 33.669316608,
  "timestamp": "2025-12-08T15:20:16.109734"
}