{
  "dataset": "random",
  "propagation": "chunked",
  "epochs": 5,
  "warmup": 1,
  "hidden_dim": 256,
  "chunk_size": 2000000,
  "num_nodes": 5000000,
  "num_features": 128,
  "num_classes": 10,
  "num_edges": 105000000,
  "avg_epoch_time_s": 53.195840978622435,
  "median_epoch_time_s": 52.98731803894043,
  "total_time_s": 265.9792048931122,
  "epoch_times_s": [
    54.19345688819885,
    53.447561502456665,
    52.556376457214355,
    52.98731803894043,
    52.79449200630188
  ],
  "accuracy": {
    "train": 0.10299
  },
  "memory": {
    "gpu_allocated_GB": 5.52365744,
    "cpu_used_GB": 1.631514624,
    "total_GB": 7.155172064
  },
  "use_uvm": true,
  "seed": 2025,
  "gpu_name": "NVIDIA GeForce RTX 5090",
  "gpu_memory_GB": 33.669316608,
  "timestamp": "2026-02-28T00:13:26.574713",
  "uvm_stats": {
    "peak_allocated_GB": 22.56368856,
    "num_allocs": 3850,
    "num_frees": 3161
  }
}