{
  "dataset": "random",
  "propagation": "chunked",
  "epochs": 5,
  "warmup": 1,
  "hidden_dim": 256,
  "chunk_size": 2000000,
  "num_nodes": 5000000,
  "num_features": 128,
  "num_classes": 10,
  "num_edges": 105000000,
  "avg_epoch_time_s": 35.43902921676636,
  "median_epoch_time_s": 35.40370011329651,
  "total_time_s": 177.1951460838318,
  "epoch_times_s": [
    35.40370011329651,
    35.47862100601196,
    35.38501024246216,
    35.666224002838135,
    35.26159071922302
  ],
  "accuracy": {
    "train": 0.102984
  },
  "memory": {
    "gpu_allocated_GB": 5.52365744,
    "cpu_used_GB": 1.652219904,
    "total_GB": 7.175877344
  },
  "use_uvm": true,
  "seed": 2025,
  "gpu_name": "NVIDIA GeForce RTX 5090",
  "gpu_memory_GB": 33.669316608,
  "timestamp": "2026-02-28T00:40:32.045931",
  "uvm_stats": {
    "peak_allocated_GB": 22.56368856,
    "num_allocs": 3850,
    "num_frees": 3161
  }
}