{
  "dataset": "random",
  "propagation": "chunked",
  "epochs": 2,
  "warmup": 1,
  "hidden_dim": 256,
  "chunk_size": 2000000,
  "num_nodes": 15000000,
  "num_features": 128,
  "num_classes": 10,
  "num_edges": 315000000,
  "avg_epoch_time_s": 247.21654844284058,
  "median_epoch_time_s": 247.59327960014343,
  "total_time_s": 494.43309688568115,
  "epoch_times_s": [
    247.59327960014343,
    246.83981728553772
  ],
  "accuracy": {
    "train": 0.10021066666666667
  },
  "memory": {
    "gpu_allocated_GB": 16.53365744,
    "cpu_used_GB": 0.266317824,
    "total_GB": 16.799975264
  },
  "use_uvm": true,
  "seed": 2025,
  "gpu_name": "NVIDIA GeForce RTX 5090",
  "gpu_memory_GB": 33.669316608,
  "timestamp": "2026-02-17T00:11:25.888479",
  "uvm_stats": {
    "peak_allocated_GB": 67.65381848,
    "num_allocs": 5663,
    "num_frees": 4674
  }
}