{
  "dataset": "random",
  "propagation": "chunked",
  "epochs": 5,
  "warmup": 1,
  "hidden_dim": 256,
  "chunk_size": 2000000,
  "num_nodes": 5000000,
  "num_features": 128,
  "num_classes": 10,
  "num_edges": 105000000,
  "avg_epoch_time_s": 40.04699306488037,
  "median_epoch_time_s": 35.75897717475891,
  "total_time_s": 200.23496532440186,
  "epoch_times_s": [
    57.8573477268219,
    35.41339898109436,
    35.75897717475891,
    35.37204313278198,
    35.8331983089447
  ],
  "accuracy": {
    "train": 0.102996
  },
  "memory": {
    "gpu_allocated_GB": 5.52365744,
    "cpu_used_GB": 1.62813952,
    "total_GB": 7.15179696
  },
  "use_uvm": true,
  "seed": 2025,
  "gpu_name": "NVIDIA GeForce RTX 5090",
  "gpu_memory_GB": 33.669316608,
  "timestamp": "2026-02-28T00:31:50.899711",
  "uvm_stats": {
    "peak_allocated_GB": 22.56368856,
    "num_allocs": 3850,
    "num_frees": 3161
  }
}