{
  "dataset": "random",
  "propagation": "chunked",
  "epochs": 3,
  "warmup": 1,
  "hidden_dim": 256,
  "chunk_size": 2000000,
  "num_nodes": 10000000,
  "num_features": 128,
  "num_classes": 10,
  "num_edges": 210000000,
  "avg_epoch_time_s": 30.725112915039062,
  "median_epoch_time_s": 30.666640758514404,
  "total_time_s": 92.17533874511719,
  "epoch_times_s": [
    30.205810070037842,
    31.30288791656494,
    30.666640758514404
  ],
  "accuracy": {
    "train": 0.100571
  },
  "memory": {
    "gpu_allocated_GB": 11.02865744,
    "cpu_used_GB": 1.63192832,
    "total_GB": 12.66058576
  },
  "use_uvm": true,
  "seed": 2025,
  "gpu_name": "NVIDIA GeForce RTX 5090",
  "gpu_memory_GB": 33.669316608,
  "timestamp": "2026-03-06T01:12:23.501574",
  "uvm_stats": {
    "peak_allocated_GB": 45.10872088,
    "num_allocs": 4980,
    "num_frees": 4095
  }
}