{
  "dataset": "random",
  "propagation": "chunked",
  "epochs": 1,
  "warmup": 0,
  "hidden_dim": 256,
  "chunk_size": 2000000,
  "num_nodes": 7000000,
  "num_features": 128,
  "num_classes": 10,
  "num_edges": 147000000,
  "avg_epoch_time_s": 1.7878751754760742,
  "median_epoch_time_s": 1.7878751754760742,
  "total_time_s": 1.7878751754760742,
  "epoch_times_s": [
    1.7878751754760742
  ],
  "accuracy": {
    "train": 0.10003714285714285
  },
  "memory": {
    "gpu_allocated_GB": 7.727320064,
    "cpu_used_GB": 1.612804096,
    "total_GB": 9.34012416
  },
  "use_uvm": false,
  "seed": 2025,
  "gpu_name": "NVIDIA GeForce RTX 5090",
  "gpu_memory_GB": 33.669316608,
  "timestamp": "2025-12-08T13:10:57.930325"
}