{
  "dataset": "random",
  "propagation": "chunked",
  "epochs": 5,
  "warmup": 1,
  "hidden_dim": 256,
  "chunk_size": 2000000,
  "num_nodes": 5000000,
  "num_features": 128,
  "num_classes": 10,
  "num_edges": 105000000,
  "avg_epoch_time_s": 36.03483910560608,
  "median_epoch_time_s": 36.00187540054321,
  "total_time_s": 180.1741955280304,
  "epoch_times_s": [
    35.810328006744385,
    35.777007818222046,
    36.164079427719116,
    36.420904874801636,
    36.00187540054321
  ],
  "accuracy": {
    "train": 0.102996
  },
  "memory": {
    "gpu_allocated_GB": 5.52365744,
    "cpu_used_GB": 1.628352512,
    "total_GB": 7.152009952
  },
  "use_uvm": true,
  "seed": 2025,
  "gpu_name": "NVIDIA GeForce RTX 5090",
  "gpu_memory_GB": 33.669316608,
  "timestamp": "2026-02-27T23:54:01.949778",
  "uvm_stats": {
    "peak_allocated_GB": 22.56368856,
    "num_allocs": 3850,
    "num_frees": 3161
  }
}