{
  "dataset": "random",
  "propagation": "chunked",
  "epochs": 1,
  "warmup": 0,
  "hidden_dim": 256,
  "chunk_size": 2000000,
  "num_nodes": 5000000,
  "num_features": 128,
  "num_classes": 10,
  "num_edges": 105000000,
  "avg_epoch_time_s": 5.84843111038208,
  "median_epoch_time_s": 5.84843111038208,
  "total_time_s": 5.84843111038208,
  "epoch_times_s": [
    5.84843111038208
  ],
  "accuracy": {
    "train": 0.100246
  },
  "memory": {
    "gpu_allocated_GB": 5.52365744,
    "cpu_used_GB": 1.634988032,
    "total_GB": 7.158645472
  },
  "use_uvm": true,
  "seed": 2025,
  "gpu_name": "NVIDIA GeForce RTX 5090",
  "gpu_memory_GB": 33.669316608,
  "timestamp": "2026-02-16T18:38:11.128480",
  "uvm_stats": {
    "peak_allocated_GB": 22.563403808,
    "num_allocs": 875,
    "num_frees": 736
  }
}