{
  "dataset": "random",
  "propagation": "chunked",
  "epochs": 5,
  "warmup": 1,
  "hidden_dim": 256,
  "chunk_size": 2000000,
  "num_nodes": 5000000,
  "num_features": 128,
  "num_classes": 10,
  "num_edges": 105000000,
  "avg_epoch_time_s": 36.429181289672854,
  "median_epoch_time_s": 36.640111207962036,
  "total_time_s": 182.14590644836426,
  "epoch_times_s": [
    36.66613459587097,
    36.04496645927429,
    36.640111207962036,
    35.93447470664978,
    36.86021947860718
  ],
  "accuracy": {
    "train": 0.102986
  },
  "memory": {
    "gpu_allocated_GB": 5.52365744,
    "cpu_used_GB": 1.627394048,
    "total_GB": 7.151051488
  },
  "use_uvm": true,
  "seed": 2025,
  "gpu_name": "NVIDIA GeForce RTX 5090",
  "gpu_memory_GB": 33.669316608,
  "timestamp": "2026-02-27T23:58:08.945299",
  "uvm_stats": {
    "peak_allocated_GB": 22.56368856,
    "num_allocs": 3850,
    "num_frees": 3161
  }
}