{
  "dataset": "random",
  "propagation": "chunked",
  "epochs": 3,
  "warmup": 1,
  "hidden_dim": 256,
  "chunk_size": 2000000,
  "num_nodes": 1000000,
  "num_features": 128,
  "num_classes": 10,
  "num_edges": 21000000,
  "avg_epoch_time_s": 0.21862387657165527,
  "median_epoch_time_s": 0.21862387657165527,
  "total_time_s": 0.6558716297149658,
  "epoch_times_s": [
    0.21889686584472656,
    0.21835088729858398,
    0.21862387657165527
  ],
  "accuracy": {
    "train": 0.10596
  },
  "memory": {
    "gpu_allocated_GB": 1.119660032,
    "cpu_used_GB": 1.64145152,
    "total_GB": 2.761111552
  },
  "use_uvm": false,
  "seed": 2025,
  "gpu_name": "NVIDIA GeForce RTX 5090",
  "gpu_memory_GB": 33.669316608,
  "timestamp": "2026-02-17T08:32:38.515383"
}