{
  "dataset": "random",
  "propagation": "chunked",
  "epochs": 5,
  "warmup": 1,
  "hidden_dim": 256,
  "chunk_size": 2000000,
  "num_nodes": 5000000,
  "num_features": 128,
  "num_classes": 10,
  "num_edges": 105000000,
  "avg_epoch_time_s": 34.387829303741455,
  "median_epoch_time_s": 34.381651163101196,
  "total_time_s": 171.93914651870728,
  "epoch_times_s": [
    34.3669912815094,
    34.381651163101196,
    34.39861249923706,
    34.44798016548157,
    34.34391140937805
  ],
  "accuracy": {
    "train": 0.102984
  },
  "memory": {
    "gpu_allocated_GB": 5.52365744,
    "cpu_used_GB": 1.63160064,
    "total_GB": 7.15525808
  },
  "use_uvm": true,
  "seed": 2025,
  "gpu_name": "NVIDIA GeForce RTX 5090",
  "gpu_memory_GB": 33.669316608,
  "timestamp": "2026-02-27T23:49:59.471246",
  "uvm_stats": {
    "peak_allocated_GB": 22.56368856,
    "num_allocs": 3850,
    "num_frees": 3161
  }
}