{
  "dataset": "random",
  "propagation": "chunked",
  "epochs": 3,
  "warmup": 1,
  "hidden_dim": 256,
  "chunk_size": 2000000,
  "num_nodes": 10000000,
  "num_features": 128,
  "num_classes": 10,
  "num_edges": 210000000,
  "avg_epoch_time_s": 146.09012500445047,
  "median_epoch_time_s": 146.13800430297852,
  "total_time_s": 438.27037501335144,
  "epoch_times_s": [
    146.17811512947083,
    146.13800430297852,
    145.9542555809021
  ],
  "accuracy": {
    "train": 0.100571
  },
  "memory": {
    "gpu_allocated_GB": 11.02865744,
    "cpu_used_GB": 1.664356352,
    "total_GB": 12.693013792
  },
  "use_uvm": true,
  "seed": 2025,
  "gpu_name": "NVIDIA GeForce RTX 5090",
  "gpu_memory_GB": 33.669316608,
  "timestamp": "2026-02-17T09:08:18.304743",
  "uvm_stats": {
    "peak_allocated_GB": 45.10872088,
    "num_allocs": 4980,
    "num_frees": 4095
  }
}