{
  "dataset": "random",
  "propagation": "chunked",
  "epochs": 3,
  "warmup": 1,
  "hidden_dim": 256,
  "chunk_size": 2000000,
  "num_nodes": 10000000,
  "num_features": 128,
  "num_classes": 10,
  "num_edges": 210000000,
  "avg_epoch_time_s": 70.31949281692505,
  "median_epoch_time_s": 70.29316663742065,
  "total_time_s": 210.95847845077515,
  "epoch_times_s": [
    70.29316663742065,
    70.3814582824707,
    70.28385353088379
  ],
  "accuracy": {
    "train": 0.100574
  },
  "memory": {
    "gpu_allocated_GB": 11.02865744,
    "cpu_used_GB": 1.627537408,
    "total_GB": 12.656194848
  },
  "use_uvm": true,
  "seed": 2025,
  "gpu_name": "NVIDIA GeForce RTX 5090",
  "gpu_memory_GB": 33.669316608,
  "timestamp": "2026-03-06T15:57:44.530615",
  "uvm_stats": {
    "peak_allocated_GB": 45.10872088,
    "num_allocs": 4980,
    "num_frees": 4095
  }
}