{
  "dataset": "random",
  "propagation": "chunked",
  "epochs": 2,
  "warmup": 1,
  "hidden_dim": 256,
  "chunk_size": 2000000,
  "num_nodes": 7000000,
  "num_features": 128,
  "num_classes": 10,
  "num_edges": 147000000,
  "avg_epoch_time_s": 17.809314966201782,
  "median_epoch_time_s": 17.811079025268555,
  "total_time_s": 35.618629932403564,
  "epoch_times_s": [
    17.811079025268555,
    17.80755090713501
  ],
  "accuracy": {
    "train": 0.10080714285714286
  },
  "memory": {
    "gpu_allocated_GB": 7.72565744,
    "cpu_used_GB": 1.61257472,
    "total_GB": 9.33823216
  },
  "use_uvm": true,
  "seed": 2025,
  "gpu_name": "NVIDIA GeForce RTX 5090",
  "gpu_memory_GB": 33.669316608,
  "timestamp": "2025-12-08T13:50:29.683153",
  "uvm_stats": {
    "peak_allocated_GB": 31.58168856,
    "num_allocs": 2779,
    "num_frees": 2294
  }
}