{
  "dataset": "random",
  "propagation": "chunked",
  "epochs": 3,
  "warmup": 1,
  "hidden_dim": 256,
  "chunk_size": 2000000,
  "num_nodes": 5000000,
  "num_features": 128,
  "num_classes": 10,
  "num_edges": 105000000,
  "avg_epoch_time_s": 34.26072303454081,
  "median_epoch_time_s": 34.25464057922363,
  "total_time_s": 102.78216910362244,
  "epoch_times_s": [
    34.25464057922363,
    34.27590489387512,
    34.25162363052368
  ],
  "accuracy": {
    "train": 0.101264
  },
  "memory": {
    "gpu_allocated_GB": 5.52365744,
    "cpu_used_GB": 1.626185728,
    "total_GB": 7.149843168
  },
  "use_uvm": true,
  "seed": 2025,
  "gpu_name": "NVIDIA GeForce RTX 5090",
  "gpu_memory_GB": 33.669316608,
  "timestamp": "2026-02-17T08:44:44.544342",
  "uvm_stats": {
    "peak_allocated_GB": 22.56368856,
    "num_allocs": 2660,
    "num_frees": 2191
  }
}