{
  "dataset": "random",
  "propagation": "chunked",
  "epochs": 1,
  "warmup": 0,
  "hidden_dim": 256,
  "chunk_size": 2000000,
  "num_nodes": 200000,
  "num_features": 128,
  "num_classes": 10,
  "num_edges": 4200000,
  "avg_epoch_time_s": 0.3108079433441162,
  "median_epoch_time_s": 0.3108079433441162,
  "total_time_s": 0.3108079433441162,
  "epoch_times_s": [
    0.3108079433441162
  ],
  "accuracy": {
    "train": 0.10455
  },
  "memory": {
    "gpu_allocated_GB": 0.239220224,
    "cpu_used_GB": 1.625890816,
    "total_GB": 1.8651110400000002
  },
  "use_uvm": false,
  "seed": 2025,
  "gpu_name": "NVIDIA GeForce RTX 5090",
  "gpu_memory_GB": 33.669316608,
  "timestamp": "2026-03-05T19:34:49.900404"
}