{
  "dataset": "random",
  "propagation": "chunked",
  "epochs": 3,
  "warmup": 1,
  "hidden_dim": 256,
  "chunk_size": 2000000,
  "num_nodes": 1000000,
  "num_features": 128,
  "num_classes": 10,
  "num_edges": 21000000,
  "avg_epoch_time_s": 0.2180187702178955,
  "median_epoch_time_s": 0.21759819984436035,
  "total_time_s": 0.6540563106536865,
  "epoch_times_s": [
    0.21897339820861816,
    0.21759819984436035,
    0.217484712600708
  ],
  "accuracy": {
    "train": 0.10596
  },
  "memory": {
    "gpu_allocated_GB": 1.119660032,
    "cpu_used_GB": 1.62752512,
    "total_GB": 2.747185152
  },
  "use_uvm": false,
  "seed": 2025,
  "gpu_name": "NVIDIA GeForce RTX 5090",
  "gpu_memory_GB": 33.669316608,
  "timestamp": "2026-02-17T08:37:45.502543"
}