{
  "dataset": "random",
  "propagation": "chunked",
  "epochs": 2,
  "warmup": 1,
  "hidden_dim": 256,
  "chunk_size": 2000000,
  "num_nodes": 1000000,
  "num_features": 128,
  "num_classes": 10,
  "num_edges": 21000000,
  "avg_epoch_time_s": 0.2179626226425171,
  "median_epoch_time_s": 0.21818900108337402,
  "total_time_s": 0.4359252452850342,
  "epoch_times_s": [
    0.21818900108337402,
    0.21773624420166016
  ],
  "accuracy": {
    "train": 0.10358
  },
  "memory": {
    "gpu_allocated_GB": 1.119660032,
    "cpu_used_GB": 1.63923968,
    "total_GB": 2.758899712
  },
  "use_uvm": false,
  "seed": 2025,
  "gpu_name": "NVIDIA GeForce RTX 5090",
  "gpu_memory_GB": 33.669316608,
  "timestamp": "2026-02-16T17:18:12.905483"
}