{
  "dataset": "random",
  "propagation": "chunked",
  "epochs": 2,
  "warmup": 1,
  "hidden_dim": 256,
  "chunk_size": 2000000,
  "num_nodes": 5000000,
  "num_features": 128,
  "num_classes": 10,
  "num_edges": 105000000,
  "avg_epoch_time_s": 34.23433780670166,
  "median_epoch_time_s": 34.25778794288635,
  "total_time_s": 68.46867561340332,
  "epoch_times_s": [
    34.25778794288635,
    34.21088767051697
  ],
  "accuracy": {
    "train": 0.100542
  },
  "memory": {
    "gpu_allocated_GB": 5.52365744,
    "cpu_used_GB": 1.613324288,
    "total_GB": 7.136981728
  },
  "use_uvm": true,
  "seed": 2025,
  "gpu_name": "NVIDIA GeForce RTX 5090",
  "gpu_memory_GB": 33.669316608,
  "timestamp": "2025-12-08T13:13:50.027408",
  "uvm_stats": {
    "peak_allocated_GB": 22.56368856,
    "num_allocs": 2065,
    "num_frees": 1706
  }
}