{
  "dataset": "random",
  "propagation": "chunked",
  "epochs": 5,
  "warmup": 1,
  "hidden_dim": 256,
  "chunk_size": 2000000,
  "num_nodes": 5000000,
  "num_features": 128,
  "num_classes": 10,
  "num_edges": 105000000,
  "avg_epoch_time_s": 34.42733960151672,
  "median_epoch_time_s": 34.422985553741455,
  "total_time_s": 172.13669800758362,
  "epoch_times_s": [
    34.38350558280945,
    34.477816581726074,
    34.422985553741455,
    34.439637422561646,
    34.412752866744995
  ],
  "accuracy": {
    "train": 0.103002
  },
  "memory": {
    "gpu_allocated_GB": 5.52365744,
    "cpu_used_GB": 1.629290496,
    "total_GB": 7.152947936
  },
  "use_uvm": true,
  "seed": 2025,
  "gpu_name": "NVIDIA GeForce RTX 5090",
  "gpu_memory_GB": 33.669316608,
  "timestamp": "2026-02-27T23:44:16.387202",
  "uvm_stats": {
    "peak_allocated_GB": 22.56368856,
    "num_allocs": 3850,
    "num_frees": 3161
  }
}