{
  "dataset": "random",
  "propagation": "chunked",
  "epochs": 2,
  "warmup": 1,
  "hidden_dim": 256,
  "chunk_size": 2000000,
  "num_nodes": 8000000,
  "num_features": 128,
  "num_classes": 10,
  "num_edges": 168000000,
  "avg_epoch_time_s": 8.974799036979675,
  "median_epoch_time_s": 9.02330470085144,
  "total_time_s": 17.94959807395935,
  "epoch_times_s": [
    8.92629337310791,
    9.02330470085144
  ],
  "accuracy": {
    "train": 0.10006125
  },
  "memory": {
    "gpu_allocated_GB": 8.82665744,
    "cpu_used_GB": 1.642520576,
    "total_GB": 10.469178016
  },
  "use_uvm": true,
  "seed": 2025,
  "gpu_name": "NVIDIA GeForce RTX 5090",
  "gpu_memory_GB": 33.669316608,
  "timestamp": "2025-12-08T14:46:38.782572",
  "uvm_stats": {
    "peak_allocated_GB": 36.09068856,
    "num_allocs": 3119,
    "num_frees": 2574
  }
}