{
  "dataset": "random",
  "propagation": "chunked",
  "epochs": 5,
  "warmup": 1,
  "hidden_dim": 256,
  "chunk_size": 2000000,
  "num_nodes": 10000000,
  "num_features": 128,
  "num_classes": 10,
  "num_edges": 210000000,
  "avg_epoch_time_s": 140.21928343772888,
  "median_epoch_time_s": 140.35878491401672,
  "total_time_s": 701.0964171886444,
  "epoch_times_s": [
    140.82191824913025,
    140.35878491401672,
    140.85784435272217,
    139.95000624656677,
    139.1078634262085
  ],
  "accuracy": {
    "train": 0.100861
  },
  "memory": {
    "gpu_allocated_GB": 11.02865744,
    "cpu_used_GB": 1.628696576,
    "total_GB": 12.657354016
  },
  "use_uvm": true,
  "seed": 2025,
  "gpu_name": "NVIDIA GeForce RTX 5090",
  "gpu_memory_GB": 33.669316608,
  "timestamp": "2026-03-04T15:34:22.303976",
  "uvm_stats": {
    "peak_allocated_GB": 45.10872088,
    "num_allocs": 7226,
    "num_frees": 5913
  }
}