{
  "dataset": "random",
  "propagation": "chunked",
  "epochs": 3,
  "warmup": 1,
  "hidden_dim": 256,
  "chunk_size": 2000000,
  "num_nodes": 10000000,
  "num_features": 128,
  "num_classes": 10,
  "num_edges": 210000000,
  "avg_epoch_time_s": 26.853652238845825,
  "median_epoch_time_s": 26.82775068283081,
  "total_time_s": 80.56095671653748,
  "epoch_times_s": [
    26.941673040390015,
    26.82775068283081,
    26.79153299331665
  ],
  "accuracy": {
    "train": 0.100571
  },
  "memory": {
    "gpu_allocated_GB": 11.02865744,
    "cpu_used_GB": 1.633087488,
    "total_GB": 12.661744928
  },
  "use_uvm": true,
  "seed": 2025,
  "gpu_name": "NVIDIA GeForce RTX 5090",
  "gpu_memory_GB": 33.669316608,
  "timestamp": "2026-03-06T16:05:34.950192",
  "uvm_stats": {
    "peak_allocated_GB": 45.10872088,
    "num_allocs": 4980,
    "num_frees": 4095
  }
}