{
  "dataset": "random",
  "propagation": "chunked",
  "epochs": 1,
  "warmup": 0,
  "hidden_dim": 256,
  "chunk_size": 2000000,
  "num_nodes": 1000000,
  "num_features": 128,
  "num_classes": 10,
  "num_edges": 21000000,
  "avg_epoch_time_s": 0.6692969799041748,
  "median_epoch_time_s": 0.6692969799041748,
  "total_time_s": 0.6692969799041748,
  "epoch_times_s": [
    0.6692969799041748
  ],
  "accuracy": {
    "train": 0.10177
  },
  "memory": {
    "gpu_allocated_GB": 1.119660032,
    "cpu_used_GB": 1.629483008,
    "total_GB": 2.74914304
  },
  "use_uvm": false,
  "seed": 2025,
  "gpu_name": "NVIDIA GeForce RTX 5090",
  "gpu_memory_GB": 33.669316608,
  "timestamp": "2026-03-05T19:35:29.176786"
}