{
  "dataset": "random",
  "propagation": "chunked",
  "epochs": 3,
  "warmup": 1,
  "hidden_dim": 256,
  "chunk_size": 2000000,
  "num_nodes": 10000000,
  "num_features": 128,
  "num_classes": 10,
  "num_edges": 210000000,
  "avg_epoch_time_s": 24.3159818649292,
  "median_epoch_time_s": 24.312561988830566,
  "total_time_s": 72.9479455947876,
  "epoch_times_s": [
    24.27126979827881,
    24.312561988830566,
    24.364113807678223
  ],
  "accuracy": {
    "train": 0.100572
  },
  "memory": {
    "gpu_allocated_GB": 11.02865744,
    "cpu_used_GB": 1.644044288,
    "total_GB": 12.672701728
  },
  "use_uvm": true,
  "seed": 2025,
  "gpu_name": "NVIDIA GeForce RTX 5090",
  "gpu_memory_GB": 33.669316608,
  "timestamp": "2026-03-04T20:54:48.522138",
  "uvm_stats": {
    "peak_allocated_GB": 45.10872088,
    "num_allocs": 4980,
    "num_frees": 4095
  }
}