{
  "dataset": "random",
  "propagation": "chunked",
  "epochs": 1,
  "warmup": 0,
  "hidden_dim": 256,
  "chunk_size": 2000000,
  "num_nodes": 1000000,
  "num_features": 128,
  "num_classes": 10,
  "num_edges": 21000000,
  "avg_epoch_time_s": 0.39162445068359375,
  "median_epoch_time_s": 0.39162445068359375,
  "total_time_s": 0.39162445068359375,
  "epoch_times_s": [
    0.39162445068359375
  ],
  "accuracy": {
    "train": 0.10177
  },
  "memory": {
    "gpu_allocated_GB": 1.119660032,
    "cpu_used_GB": 1.650397184,
    "total_GB": 2.770057216
  },
  "use_uvm": false,
  "seed": 2025,
  "gpu_name": "NVIDIA GeForce RTX 5090",
  "gpu_memory_GB": 33.669316608,
  "timestamp": "2026-02-16T18:37:47.947587"
}