{
  "dataset": "random",
  "propagation": "chunked",
  "epochs": 2,
  "warmup": 1,
  "hidden_dim": 256,
  "chunk_size": 2000000,
  "num_nodes": 3000000,
  "num_features": 128,
  "num_classes": 10,
  "num_edges": 63000000,
  "avg_epoch_time_s": 0.6761130094528198,
  "median_epoch_time_s": 0.6761879920959473,
  "total_time_s": 1.3522260189056396,
  "epoch_times_s": [
    0.6760380268096924,
    0.6761879920959473
  ],
  "accuracy": {
    "train": 0.10067
  },
  "memory": {
    "gpu_allocated_GB": 3.322839552,
    "cpu_used_GB": 1.636610048,
    "total_GB": 4.9594496
  },
  "use_uvm": false,
  "seed": 2025,
  "gpu_name": "NVIDIA GeForce RTX 5090",
  "gpu_memory_GB": 33.669316608,
  "timestamp": "2025-12-08T13:10:48.326813"
}