{
  "dataset": "random",
  "propagation": "chunked",
  "epochs": 2,
  "warmup": 1,
  "hidden_dim": 256,
  "chunk_size": 2000000,
  "num_nodes": 1000000,
  "num_features": 128,
  "num_classes": 10,
  "num_edges": 21000000,
  "avg_epoch_time_s": 0.21799981594085693,
  "median_epoch_time_s": 0.21843433380126953,
  "total_time_s": 0.43599963188171387,
  "epoch_times_s": [
    0.21843433380126953,
    0.21756529808044434
  ],
  "accuracy": {
    "train": 0.10358
  },
  "memory": {
    "gpu_allocated_GB": 1.119660032,
    "cpu_used_GB": 1.641869312,
    "total_GB": 2.7615293440000004
  },
  "use_uvm": false,
  "seed": 2025,
  "gpu_name": "NVIDIA GeForce RTX 5090",
  "gpu_memory_GB": 33.669316608,
  "timestamp": "2025-12-08T13:10:44.388911"
}