{
  "dataset": "random",
  "propagation": "chunked",
  "epochs": 25,
  "warmup": 1,
  "hidden_dim": 256,
  "chunk_size": 2000000,
  "num_nodes": 8000000,
  "num_features": 128,
  "num_classes": 10,
  "num_edges": 168000000,
  "avg_epoch_time_s": 16.717981338500977,
  "median_epoch_time_s": 15.527265787124634,
  "total_time_s": 417.9495334625244,
  "epoch_times_s": [
    24.120482683181763,
    22.140871286392212,
    9.561511516571045,
    18.360714435577393,
    15.022746801376343,
    20.505889415740967,
    13.027507543563843,
    13.182536840438843,
    12.750371932983398,
    19.898831367492676,
    16.602712869644165,
    15.527265787124634,
    26.85836386680603,
    12.7604820728302,
    18.85166311264038,
    25.184481859207153,
    12.911110162734985,
    9.238309144973755,
    17.098927974700928,
    29.109550714492798,
    15.243770837783813,
    9.304929494857788,
    14.592665195465088,
    9.568130016326904,
    16.52570652961731
  ],
  "accuracy": {
    "train": 0.10060625
  },
  "memory": {
    "gpu_allocated_GB": 8.82665744,
    "cpu_used_GB": 1.615798272,
    "total_GB": 10.442455712
  },
  "use_uvm": true,
  "seed": 2025,
  "gpu_name": "NVIDIA GeForce RTX 5090",
  "gpu_memory_GB": 33.669316608,
  "timestamp": "2025-12-08T17:12:30.371230",
  "uvm_stats": {
    "peak_allocated_GB": 36.09068856,
    "num_allocs": 23934,
    "num_frees": 19433
  }
}