{
  "dataset": "random",
  "propagation": "chunked",
  "epochs": 3,
  "warmup": 1,
  "hidden_dim": 256,
  "chunk_size": 2000000,
  "num_nodes": 10000000,
  "num_features": 128,
  "num_classes": 10,
  "num_edges": 210000000,
  "avg_epoch_time_s": 26.590664704640705,
  "median_epoch_time_s": 26.48660397529602,
  "total_time_s": 79.77199411392212,
  "epoch_times_s": [
    26.48660397529602,
    26.432015657424927,
    26.853374481201172
  ],
  "accuracy": {
    "train": 0.100572
  },
  "memory": {
    "gpu_allocated_GB": 11.02865744,
    "cpu_used_GB": 1.627774976,
    "total_GB": 12.656432416
  },
  "use_uvm": true,
  "seed": 2025,
  "gpu_name": "NVIDIA GeForce RTX 5090",
  "gpu_memory_GB": 33.669316608,
  "timestamp": "2026-03-07T11:57:22.861049",
  "uvm_stats": {
    "peak_allocated_GB": 45.10872088,
    "num_allocs": 4980,
    "num_frees": 4095
  }
}