{
  "dataset": "random",
  "propagation": "chunked",
  "epochs": 2,
  "warmup": 1,
  "hidden_dim": 256,
  "chunk_size": 2000000,
  "num_nodes": 10000000,
  "num_features": 128,
  "num_classes": 10,
  "num_edges": 210000000,
  "avg_epoch_time_s": 146.49558985233307,
  "median_epoch_time_s": 146.69192337989807,
  "total_time_s": 292.99117970466614,
  "epoch_times_s": [
    146.69192337989807,
    146.29925632476807
  ],
  "accuracy": {
    "train": 0.100651
  },
  "memory": {
    "gpu_allocated_GB": 11.02865744,
    "cpu_used_GB": 1.628082176,
    "total_GB": 12.656739616
  },
  "use_uvm": true,
  "seed": 2025,
  "gpu_name": "NVIDIA GeForce RTX 5090",
  "gpu_memory_GB": 33.669316608,
  "timestamp": "2026-02-17T10:28:39.580245",
  "uvm_stats": {
    "peak_allocated_GB": 45.10872088,
    "num_allocs": 3857,
    "num_frees": 3186
  }
}