{
  "dataset": "random",
  "propagation": "chunked",
  "epochs": 3,
  "warmup": 1,
  "hidden_dim": 256,
  "chunk_size": 2000000,
  "num_nodes": 10000000,
  "num_features": 128,
  "num_classes": 10,
  "num_edges": 210000000,
  "avg_epoch_time_s": 21.255292256673176,
  "median_epoch_time_s": 21.24603271484375,
  "total_time_s": 63.76587677001953,
  "epoch_times_s": [
    21.24603271484375,
    21.243714332580566,
    21.276129722595215
  ],
  "accuracy": {
    "train": 0.100571
  },
  "memory": {
    "gpu_allocated_GB": 11.02865744,
    "cpu_used_GB": 1.626198016,
    "total_GB": 12.654855456
  },
  "use_uvm": true,
  "seed": 2025,
  "gpu_name": "NVIDIA GeForce RTX 5090",
  "gpu_memory_GB": 33.669316608,
  "timestamp": "2026-03-06T16:10:17.844428",
  "uvm_stats": {
    "peak_allocated_GB": 45.10872088,
    "num_allocs": 4980,
    "num_frees": 4095
  }
}