{
  "dataset": "random",
  "propagation": "chunked",
  "epochs": 3,
  "warmup": 1,
  "hidden_dim": 256,
  "chunk_size": 2000000,
  "num_nodes": 1000000,
  "num_features": 128,
  "num_classes": 10,
  "num_edges": 21000000,
  "avg_epoch_time_s": 0.21809840202331543,
  "median_epoch_time_s": 0.21822071075439453,
  "total_time_s": 0.6542952060699463,
  "epoch_times_s": [
    0.2177741527557373,
    0.21822071075439453,
    0.21830034255981445
  ],
  "accuracy": {
    "train": 0.10596
  },
  "memory": {
    "gpu_allocated_GB": 1.119660032,
    "cpu_used_GB": 1.628049408,
    "total_GB": 2.7477094400000004
  },
  "use_uvm": false,
  "seed": 2025,
  "gpu_name": "NVIDIA GeForce RTX 5090",
  "gpu_memory_GB": 33.669316608,
  "timestamp": "2026-02-17T08:40:08.969921"
}