{
  "dataset": "random",
  "propagation": "chunked",
  "epochs": 3,
  "warmup": 1,
  "hidden_dim": 256,
  "chunk_size": 2000000,
  "num_nodes": 10000000,
  "num_features": 128,
  "num_classes": 10,
  "num_edges": 210000000,
  "avg_epoch_time_s": 70.42127712567647,
  "median_epoch_time_s": 70.3800482749939,
  "total_time_s": 211.26383137702942,
  "epoch_times_s": [
    70.3469979763031,
    70.3800482749939,
    70.53678512573242
  ],
  "accuracy": {
    "train": 0.10057
  },
  "memory": {
    "gpu_allocated_GB": 11.02865744,
    "cpu_used_GB": 1.651040256,
    "total_GB": 12.679697696
  },
  "use_uvm": true,
  "seed": 2025,
  "gpu_name": "NVIDIA GeForce RTX 5090",
  "gpu_memory_GB": 33.669316608,
  "timestamp": "2026-03-07T11:55:17.706895",
  "uvm_stats": {
    "peak_allocated_GB": 45.10872088,
    "num_allocs": 4980,
    "num_frees": 4095
  }
}