{
  "dataset": "random",
  "propagation": "chunked",
  "epochs": 2,
  "warmup": 1,
  "hidden_dim": 256,
  "chunk_size": 2000000,
  "num_nodes": 5000000,
  "num_features": 128,
  "num_classes": 10,
  "num_edges": 105000000,
  "avg_epoch_time_s": 5.529197931289673,
  "median_epoch_time_s": 5.564473628997803,
  "total_time_s": 11.058395862579346,
  "epoch_times_s": [
    5.564473628997803,
    5.493922233581543
  ],
  "accuracy": {
    "train": 0.100544
  },
  "memory": {
    "gpu_allocated_GB": 5.52365744,
    "cpu_used_GB": 1.628123136,
    "total_GB": 7.151780576
  },
  "use_uvm": true,
  "seed": 2025,
  "gpu_name": "NVIDIA GeForce RTX 5090",
  "gpu_memory_GB": 33.669316608,
  "timestamp": "2026-02-16T17:31:44.712885",
  "uvm_stats": {
    "peak_allocated_GB": 22.56368856,
    "num_allocs": 2065,
    "num_frees": 1706
  }
}