{
  "dataset": "random",
  "propagation": "chunked",
  "epochs": 5,
  "warmup": 1,
  "hidden_dim": 256,
  "chunk_size": 2000000,
  "num_nodes": 5000000,
  "num_features": 128,
  "num_classes": 10,
  "num_edges": 105000000,
  "avg_epoch_time_s": 82.09936981201172,
  "median_epoch_time_s": 82.2549991607666,
  "total_time_s": 410.4968490600586,
  "epoch_times_s": [
    82.2549991607666,
    80.89407968521118,
    82.68881225585938,
    83.37439250946045,
    81.28456544876099
  ],
  "accuracy": {
    "train": 0.102988
  },
  "memory": {
    "gpu_allocated_GB": 5.52365744,
    "cpu_used_GB": 1.628086272,
    "total_GB": 7.151743712
  },
  "use_uvm": true,
  "seed": 2025,
  "gpu_name": "NVIDIA GeForce RTX 5090",
  "gpu_memory_GB": 33.669316608,
  "timestamp": "2026-02-28T00:07:33.005849",
  "uvm_stats": {
    "peak_allocated_GB": 22.56368856,
    "num_allocs": 3850,
    "num_frees": 3161
  }
}