{
  "dataset": "random",
  "propagation": "chunked",
  "epochs": 3,
  "warmup": 1,
  "hidden_dim": 256,
  "chunk_size": 2000000,
  "num_nodes": 10000000,
  "num_features": 128,
  "num_classes": 10,
  "num_edges": 210000000,
  "avg_epoch_time_s": 26.368192275365193,
  "median_epoch_time_s": 26.351318836212158,
  "total_time_s": 79.10457682609558,
  "epoch_times_s": [
    26.333118200302124,
    26.351318836212158,
    26.4201397895813
  ],
  "accuracy": {
    "train": 0.100573
  },
  "memory": {
    "gpu_allocated_GB": 11.02865744,
    "cpu_used_GB": 1.626505216,
    "total_GB": 12.655162656
  },
  "use_uvm": true,
  "seed": 2025,
  "gpu_name": "NVIDIA GeForce RTX 5090",
  "gpu_memory_GB": 33.669316608,
  "timestamp": "2026-03-05T19:23:10.661267",
  "uvm_stats": {
    "peak_allocated_GB": 45.10872088,
    "num_allocs": 4980,
    "num_frees": 4095
  }
}