{
  "dataset": "random",
  "propagation": "chunked",
  "epochs": 3,
  "warmup": 1,
  "hidden_dim": 256,
  "chunk_size": 2000000,
  "num_nodes": 10000000,
  "num_features": 128,
  "num_classes": 10,
  "num_edges": 210000000,
  "avg_epoch_time_s": 38.47357495625814,
  "median_epoch_time_s": 38.396472215652466,
  "total_time_s": 115.42072486877441,
  "epoch_times_s": [
    38.24074149131775,
    38.396472215652466,
    38.7835111618042
  ],
  "accuracy": {
    "train": 0.100569
  },
  "memory": {
    "gpu_allocated_GB": 11.02865744,
    "cpu_used_GB": 1.627918336,
    "total_GB": 12.656575776
  },
  "use_uvm": true,
  "seed": 2025,
  "gpu_name": "NVIDIA GeForce RTX 5090",
  "gpu_memory_GB": 33.669316608,
  "timestamp": "2026-03-05T19:28:39.560359",
  "uvm_stats": {
    "peak_allocated_GB": 45.10872088,
    "num_allocs": 4980,
    "num_frees": 4095
  }
}