{
  "dataset": "random",
  "propagation": "chunked",
  "epochs": 3,
  "warmup": 1,
  "hidden_dim": 256,
  "chunk_size": 2000000,
  "num_nodes": 10000000,
  "num_features": 128,
  "num_classes": 10,
  "num_edges": 210000000,
  "avg_epoch_time_s": 20.961568752924602,
  "median_epoch_time_s": 20.963043212890625,
  "total_time_s": 62.884706258773804,
  "epoch_times_s": [
    20.979827404022217,
    20.963043212890625,
    20.941835641860962
  ],
  "accuracy": {
    "train": 0.100574
  },
  "memory": {
    "gpu_allocated_GB": 11.02865744,
    "cpu_used_GB": 1.627017216,
    "total_GB": 12.655674656
  },
  "use_uvm": true,
  "seed": 2025,
  "gpu_name": "NVIDIA GeForce RTX 5090",
  "gpu_memory_GB": 33.669316608,
  "timestamp": "2026-03-05T19:25:19.503137",
  "uvm_stats": {
    "peak_allocated_GB": 45.10872088,
    "num_allocs": 4980,
    "num_frees": 4095
  }
}