{
  "dataset": "random",
  "propagation": "chunked",
  "epochs": 3,
  "warmup": 1,
  "hidden_dim": 256,
  "chunk_size": 2000000,
  "num_nodes": 10000000,
  "num_features": 128,
  "num_classes": 10,
  "num_edges": 210000000,
  "avg_epoch_time_s": 70.14806509017944,
  "median_epoch_time_s": 70.13136434555054,
  "total_time_s": 210.44419527053833,
  "epoch_times_s": [
    70.08326935768127,
    70.13136434555054,
    70.22956156730652
  ],
  "accuracy": {
    "train": 0.100574
  },
  "memory": {
    "gpu_allocated_GB": 11.02865744,
    "cpu_used_GB": 1.62912256,
    "total_GB": 12.65778
  },
  "use_uvm": true,
  "seed": 2025,
  "gpu_name": "NVIDIA GeForce RTX 5090",
  "gpu_memory_GB": 33.669316608,
  "timestamp": "2026-03-04T20:43:47.551354",
  "uvm_stats": {
    "peak_allocated_GB": 45.10872088,
    "num_allocs": 4980,
    "num_frees": 4095
  }
}