{
  "dataset": "random",
  "propagation": "chunked",
  "epochs": 3,
  "warmup": 1,
  "hidden_dim": 256,
  "chunk_size": 2000000,
  "num_nodes": 10000000,
  "num_features": 128,
  "num_classes": 10,
  "num_edges": 210000000,
  "avg_epoch_time_s": 21.315686225891113,
  "median_epoch_time_s": 21.309818744659424,
  "total_time_s": 63.94705867767334,
  "epoch_times_s": [
    21.309818744659424,
    21.329548597335815,
    21.3076913356781
  ],
  "accuracy": {
    "train": 0.100571
  },
  "memory": {
    "gpu_allocated_GB": 11.02865744,
    "cpu_used_GB": 1.65003264,
    "total_GB": 12.678690079999999
  },
  "use_uvm": true,
  "seed": 2025,
  "gpu_name": "NVIDIA GeForce RTX 5090",
  "gpu_memory_GB": 33.669316608,
  "timestamp": "2026-03-04T20:52:13.382409",
  "uvm_stats": {
    "peak_allocated_GB": 45.10872088,
    "num_allocs": 4980,
    "num_frees": 4095
  }
}