{
  "dataset": "random",
  "propagation": "chunked",
  "epochs": 2,
  "warmup": 1,
  "hidden_dim": 256,
  "chunk_size": 2000000,
  "num_nodes": 10000000,
  "num_features": 128,
  "num_classes": 10,
  "num_edges": 210000000,
  "avg_epoch_time_s": 145.5935057401657,
  "median_epoch_time_s": 145.77178359031677,
  "total_time_s": 291.1870114803314,
  "epoch_times_s": [
    145.41522789001465,
    145.77178359031677
  ],
  "accuracy": {
    "train": 0.100652
  },
  "memory": {
    "gpu_allocated_GB": 11.02865744,
    "cpu_used_GB": 1.628717056,
    "total_GB": 12.657374496
  },
  "use_uvm": true,
  "seed": 2025,
  "gpu_name": "NVIDIA GeForce RTX 5090",
  "gpu_memory_GB": 33.669316608,
  "timestamp": "2026-02-16T23:56:46.670665",
  "uvm_stats": {
    "peak_allocated_GB": 45.10872088,
    "num_allocs": 3857,
    "num_frees": 3186
  }
}