{
  "dataset": "random",
  "propagation": "chunked",
  "epochs": 2,
  "warmup": 1,
  "hidden_dim": 256,
  "chunk_size": 2000000,
  "num_nodes": 3000000,
  "num_features": 128,
  "num_classes": 10,
  "num_edges": 63000000,
  "avg_epoch_time_s": 6.365321397781372,
  "median_epoch_time_s": 6.369439601898193,
  "total_time_s": 12.730642795562744,
  "epoch_times_s": [
    6.361203193664551,
    6.369439601898193
  ],
  "accuracy": {
    "train": 0.10067
  },
  "memory": {
    "gpu_allocated_GB": 3.32165744,
    "cpu_used_GB": 1.626554368,
    "total_GB": 4.948211808
  },
  "use_uvm": true,
  "seed": 2025,
  "gpu_name": "NVIDIA GeForce RTX 5090",
  "gpu_memory_GB": 33.669316608,
  "timestamp": "2026-02-16T17:22:18.885619",
  "uvm_stats": {
    "peak_allocated_GB": 15.729525352,
    "num_allocs": 1339,
    "num_frees": 1106
  }
}