{
  "dataset": "random",
  "propagation": "chunked",
  "epochs": 2,
  "warmup": 1,
  "hidden_dim": 256,
  "chunk_size": 2000000,
  "num_nodes": 1000000,
  "num_features": 128,
  "num_classes": 10,
  "num_edges": 21000000,
  "avg_epoch_time_s": 0.34540271759033203,
  "median_epoch_time_s": 0.34577274322509766,
  "total_time_s": 0.6908054351806641,
  "epoch_times_s": [
    0.3450326919555664,
    0.34577274322509766
  ],
  "accuracy": {
    "train": 0.10358
  },
  "memory": {
    "gpu_allocated_GB": 1.11965744,
    "cpu_used_GB": 1.612918784,
    "total_GB": 2.7325762239999998
  },
  "use_uvm": false,
  "seed": 2025,
  "gpu_name": "NVIDIA GeForce RTX 5090",
  "gpu_memory_GB": 33.669316608,
  "timestamp": "2025-12-08T15:19:56.413399"
}