{
  "dataset": "random",
  "propagation": "chunked",
  "epochs": 2,
  "warmup": 1,
  "hidden_dim": 256,
  "chunk_size": 2000000,
  "num_nodes": 5000000,
  "num_features": 128,
  "num_classes": 10,
  "num_edges": 105000000,
  "avg_epoch_time_s": 1.8913421630859375,
  "median_epoch_time_s": 1.9043161869049072,
  "total_time_s": 3.782684326171875,
  "epoch_times_s": [
    1.8783681392669678,
    1.9043161869049072
  ],
  "accuracy": {
    "train": 0.100542
  },
  "memory": {
    "gpu_allocated_GB": 5.52365744,
    "cpu_used_GB": 1.610973184,
    "total_GB": 7.134630624
  },
  "use_uvm": false,
  "seed": 2025,
  "gpu_name": "NVIDIA GeForce RTX 5090",
  "gpu_memory_GB": 33.669316608,
  "timestamp": "2025-12-08T15:20:10.000085"
}